{"loss": [9.122735023498535, 2.5584311485290527, 1.449355125427246, 1.1242222785949707, 0.9846650958061218, 0.9124787449836731, 0.8697906732559204, 0.8415951132774353, 0.8208977580070496, 0.8045470714569092, 0.7911511659622192, 0.779334545135498, 0.7686907052993774, 0.7588844895362854, 0.7494533061981201, 0.7402826547622681, 0.7314170598983765, 0.7221686840057373, 0.7133936285972595, 0.7044053673744202, 0.6955253481864929, 0.6861530542373657, 0.6768850684165955, 0.6671998500823975, 0.6575708389282227, 0.6477521061897278, 0.6377833485603333, 0.6276020407676697, 0.6174817681312561, 0.6071158647537231], "val_loss": [4.002358436584473, 1.7726881504058838, 1.254265308380127, 1.0542495250701904, 0.9572798013687134, 0.9036387801170349, 0.8709486722946167, 0.8483170866966248, 0.8314408659934998, 0.8190265893936157, 0.8080750703811646, 0.8009841442108154, 0.7939696907997131, 0.7874266505241394, 0.7820135951042175, 0.7776296734809875, 0.7714759707450867, 0.7677967548370361, 0.7639060616493225, 0.7601534128189087, 0.7568231821060181, 0.7529445290565491, 0.7506669759750366, 0.7485645413398743, 0.7456434369087219, 0.7441930770874023, 0.7427836060523987, 0.7406136393547058, 0.7401635646820068, 0.7392904758453369]}